product_id,category_id
65848984-dea3-460d-bff5-5500381d7aab,8eb7864e-c24f-4189-9829-f65bab1eea2e
65848984-dea3-460d-bff5-5500381d7aab,76773547-d354-4c80-bb9d-fb13deb0e10e
103d0c3b-68c8-4305-98a2-70a5df11a1c5,8eb7864e-c24f-4189-9829-f65bab1eea2e
103d0c3b-68c8-4305-98a2-70a5df11a1c5,76773547-d354-4c80-bb9d-fb13deb0e10e
c469abee-f41e-49d9-af7c-f70e0ec426fb,63acb712-ed4e-4398-9d64-4738492a8275
c469abee-f41e-49d9-af7c-f70e0ec426fb,76773547-d354-4c80-bb9d-fb13deb0e10e
fc3822f1-ccb9-431e-8514-0b0a9b72f5c5,6bebc173-686c-4684-9848-abdbcabe94d0
fc3822f1-ccb9-431e-8514-0b0a9b72f5c5,76773547-d354-4c80-bb9d-fb13deb0e10e
ec97ae4f-34d1-4677-8d99-871e1578193e,8eb7864e-c24f-4189-9829-f65bab1eea2e
ec97ae4f-34d1-4677-8d99-871e1578193e,76773547-d354-4c80-bb9d-fb13deb0e10e
c175e09a-2571-4994-9fd3-5fb929219bc9,8eb7864e-c24f-4189-9829-f65bab1eea2e
c175e09a-2571-4994-9fd3-5fb929219bc9,76773547-d354-4c80-bb9d-fb13deb0e10e
d8f48e3e-43f9-48dc-b7d6-9aa2fbe388e7,8eb7864e-c24f-4189-9829-f65bab1eea2e
d8f48e3e-43f9-48dc-b7d6-9aa2fbe388e7,76773547-d354-4c80-bb9d-fb13deb0e10e
81bd7d0a-9492-4724-ad66-e9b49d0bc335,76773547-d354-4c80-bb9d-fb13deb0e10e
81bd7d0a-9492-4724-ad66-e9b49d0bc335,63acb712-ed4e-4398-9d64-4738492a8275
5ad26a24-655b-4ee4-a4d8-86d1fda3d7f5,76773547-d354-4c80-bb9d-fb13deb0e10e
5ad26a24-655b-4ee4-a4d8-86d1fda3d7f5,63acb712-ed4e-4398-9d64-4738492a8275
21808086-c315-4cbc-b4e0-0d34d5b8fc3a,76773547-d354-4c80-bb9d-fb13deb0e10e
98820a12-3e4c-4239-ad48-4d282f3e470b,76773547-d354-4c80-bb9d-fb13deb0e10e
98820a12-3e4c-4239-ad48-4d282f3e470b,63acb712-ed4e-4398-9d64-4738492a8275
62820b9c-b926-4090-94dd-f91d14869106,76773547-d354-4c80-bb9d-fb13deb0e10e
62820b9c-b926-4090-94dd-f91d14869106,8eb7864e-c24f-4189-9829-f65bab1eea2e
ede8c876-a68a-4b30-aac5-3f4b89fe4e08,76773547-d354-4c80-bb9d-fb13deb0e10e
ede8c876-a68a-4b30-aac5-3f4b89fe4e08,8eb7864e-c24f-4189-9829-f65bab1eea2e
baed42c0-4cd3-4aca-81ce-8eab708a0747,76773547-d354-4c80-bb9d-fb13deb0e10e
baed42c0-4cd3-4aca-81ce-8eab708a0747,8eb7864e-c24f-4189-9829-f65bab1eea2e
126d8e95-6d6c-4dbd-a571-f876874359ec,76773547-d354-4c80-bb9d-fb13deb0e10e
9486d6be-7aa5-4603-9fdd-dfa2c08ca854,63acb712-ed4e-4398-9d64-4738492a8275
9486d6be-7aa5-4603-9fdd-dfa2c08ca854,76773547-d354-4c80-bb9d-fb13deb0e10e
b4f49aed-9031-4c7b-9543-77a57f878103,63acb712-ed4e-4398-9d64-4738492a8275
b4f49aed-9031-4c7b-9543-77a57f878103,76773547-d354-4c80-bb9d-fb13deb0e10e
a32b02bb-f87a-42f8-a5ed-ed7e5e1dd8a8,76773547-d354-4c80-bb9d-fb13deb0e10e
a32b02bb-f87a-42f8-a5ed-ed7e5e1dd8a8,63acb712-ed4e-4398-9d64-4738492a8275
4ad20e2c-233e-416d-bd31-7d779bc2fbfe,63acb712-ed4e-4398-9d64-4738492a8275
4ad20e2c-233e-416d-bd31-7d779bc2fbfe,76773547-d354-4c80-bb9d-fb13deb0e10e
f0c5aa61-7771-425d-b7b9-99219b953348,76773547-d354-4c80-bb9d-fb13deb0e10e
f0c5aa61-7771-425d-b7b9-99219b953348,8eb7864e-c24f-4189-9829-f65bab1eea2e
e855199b-062f-4b85-8e1f-9bc5791c9733,76773547-d354-4c80-bb9d-fb13deb0e10e
e855199b-062f-4b85-8e1f-9bc5791c9733,63acb712-ed4e-4398-9d64-4738492a8275
87801954-bb2e-47c1-8666-0ce4553ef803,8eb7864e-c24f-4189-9829-f65bab1eea2e
87801954-bb2e-47c1-8666-0ce4553ef803,76773547-d354-4c80-bb9d-fb13deb0e10e
64097483-f70e-4caf-8554-d9b71701a2c2,76773547-d354-4c80-bb9d-fb13deb0e10e
45e27e42-9927-4e07-9243-552cbbb0368b,8eb7864e-c24f-4189-9829-f65bab1eea2e
45e27e42-9927-4e07-9243-552cbbb0368b,76773547-d354-4c80-bb9d-fb13deb0e10e
9b289853-bdee-4f65-97fc-88ccbf4fb0ce,76773547-d354-4c80-bb9d-fb13deb0e10e
081625fc-4e57-4fb5-921c-7b15310d80e7,76773547-d354-4c80-bb9d-fb13deb0e10e
070b02f6-4a0b-4c41-9bec-7749c6e17623,76773547-d354-4c80-bb9d-fb13deb0e10e
bac08733-7734-41aa-bae6-e75645fbab75,76773547-d354-4c80-bb9d-fb13deb0e10e
bac08733-7734-41aa-bae6-e75645fbab75,8eb7864e-c24f-4189-9829-f65bab1eea2e
9cad693f-749e-4b21-9f92-506202280f3e,76773547-d354-4c80-bb9d-fb13deb0e10e
23d546b8-d670-4b5a-b5a5-7727a7f5db15,8eb7864e-c24f-4189-9829-f65bab1eea2e
23d546b8-d670-4b5a-b5a5-7727a7f5db15,76773547-d354-4c80-bb9d-fb13deb0e10e
8d2b1bd6-374d-4c57-8e6c-c2cc61d73d5c,76773547-d354-4c80-bb9d-fb13deb0e10e
8d2b1bd6-374d-4c57-8e6c-c2cc61d73d5c,63acb712-ed4e-4398-9d64-4738492a8275
9cdd4464-e3ca-49ec-b5a7-16912c5f29bc,63acb712-ed4e-4398-9d64-4738492a8275
9cdd4464-e3ca-49ec-b5a7-16912c5f29bc,76773547-d354-4c80-bb9d-fb13deb0e10e
c5ee8450-50da-4d62-a0ff-cb2c24964df4,76773547-d354-4c80-bb9d-fb13deb0e10e
c5ee8450-50da-4d62-a0ff-cb2c24964df4,63acb712-ed4e-4398-9d64-4738492a8275
db532e2c-cefe-4aa0-85c5-f4a7762dd252,76773547-d354-4c80-bb9d-fb13deb0e10e
c9058dbd-0c9f-4c09-9b9e-a4faa97b7286,76773547-d354-4c80-bb9d-fb13deb0e10e
c9058dbd-0c9f-4c09-9b9e-a4faa97b7286,8eb7864e-c24f-4189-9829-f65bab1eea2e
6c8156c0-c3e9-4150-babb-7254977aaf4e,76773547-d354-4c80-bb9d-fb13deb0e10e
6c8156c0-c3e9-4150-babb-7254977aaf4e,63acb712-ed4e-4398-9d64-4738492a8275
d3b4111d-0996-422f-ab12-4fa230d79253,76773547-d354-4c80-bb9d-fb13deb0e10e
d34e3532-bd52-44d5-80e6-59ff6f9d9247,76773547-d354-4c80-bb9d-fb13deb0e10e
ad82f730-4123-45f5-ad1d-d6fd0eea3d5b,8eb7864e-c24f-4189-9829-f65bab1eea2e
ad82f730-4123-45f5-ad1d-d6fd0eea3d5b,76773547-d354-4c80-bb9d-fb13deb0e10e
1eee735e-8c9b-491c-9763-ce48319aa89a,76773547-d354-4c80-bb9d-fb13deb0e10e
e379694b-95cf-4a78-8357-6d086fbde46c,76773547-d354-4c80-bb9d-fb13deb0e10e
f9d75dc0-0b3c-4fdd-94ab-cdd0b72c8a59,76773547-d354-4c80-bb9d-fb13deb0e10e
fa6c4255-45b3-4d40-920d-6e1eec5ce7c7,76773547-d354-4c80-bb9d-fb13deb0e10e
fa6c4255-45b3-4d40-920d-6e1eec5ce7c7,63acb712-ed4e-4398-9d64-4738492a8275
65d66861-40b9-4036-a6b2-1772bf8cb923,76773547-d354-4c80-bb9d-fb13deb0e10e
65d66861-40b9-4036-a6b2-1772bf8cb923,63acb712-ed4e-4398-9d64-4738492a8275
22050ad4-0041-44a2-bee5-cc6f700f22bc,76773547-d354-4c80-bb9d-fb13deb0e10e
a5a661e1-2e4a-4d45-ab50-186dc73f7ac5,76773547-d354-4c80-bb9d-fb13deb0e10e
aac285c0-4163-4e53-b048-a6ccb79a60fb,76773547-d354-4c80-bb9d-fb13deb0e10e
799ede72-b0cb-473e-a9eb-646060b2f451,6bebc173-686c-4684-9848-abdbcabe94d0
9b69667d-13aa-46f3-a534-8d1ab9b40dab,6bebc173-686c-4684-9848-abdbcabe94d0
9b69667d-13aa-46f3-a534-8d1ab9b40dab,8eb7864e-c24f-4189-9829-f65bab1eea2e
e846f984-0c6d-44f6-975c-5b1e18b5db72,6bebc173-686c-4684-9848-abdbcabe94d0
e846f984-0c6d-44f6-975c-5b1e18b5db72,63acb712-ed4e-4398-9d64-4738492a8275
7b56c13d-fcad-4968-9678-df0ca016f5dd,6bebc173-686c-4684-9848-abdbcabe94d0
0106ebfc-1b13-47fb-a8ee-2c4b30c01d5d,6bebc173-686c-4684-9848-abdbcabe94d0
0106ebfc-1b13-47fb-a8ee-2c4b30c01d5d,8eb7864e-c24f-4189-9829-f65bab1eea2e
7d248000-b33b-4a75-bd1f-b0429de9f246,6bebc173-686c-4684-9848-abdbcabe94d0
7fcb4293-383d-4540-9d34-abf0d196a492,6bebc173-686c-4684-9848-abdbcabe94d0
f54b155a-c53b-4bc8-95f2-b79d21c0e59c,6bebc173-686c-4684-9848-abdbcabe94d0
f54b155a-c53b-4bc8-95f2-b79d21c0e59c,8eb7864e-c24f-4189-9829-f65bab1eea2e
a77fa764-04a7-4ba1-a373-5cfb832f6711,6bebc173-686c-4684-9848-abdbcabe94d0
a77fa764-04a7-4ba1-a373-5cfb832f6711,8eb7864e-c24f-4189-9829-f65bab1eea2e
c15b8c95-ab49-4e2a-a1de-e0b036e59436,6bebc173-686c-4684-9848-abdbcabe94d0
606de6f7-b900-43ba-9fe6-8dd315b16210,6bebc173-686c-4684-9848-abdbcabe94d0
606de6f7-b900-43ba-9fe6-8dd315b16210,8eb7864e-c24f-4189-9829-f65bab1eea2e
283d232d-0c06-4345-9516-256ac9edb05c,76773547-d354-4c80-bb9d-fb13deb0e10e
f64d34e5-8cf7-46a6-8d87-66f4d49f60ef,6bebc173-686c-4684-9848-abdbcabe94d0
5e39cef7-a751-4aa3-8d63-c7053bf215ad,6bebc173-686c-4684-9848-abdbcabe94d0
5e39cef7-a751-4aa3-8d63-c7053bf215ad,8eb7864e-c24f-4189-9829-f65bab1eea2e
330199d0-a1a6-4594-a3fc-218fe32cd028,6bebc173-686c-4684-9848-abdbcabe94d0